name,url,website,clutch_email
Sirin Software,https://clutch.co/profile/sirin-software,https://sirinsoftware.com/,info@sirinsoftware.com
Stratosphere Networks,https://clutch.co/profile/stratosphere-networks,http://www.stratospherenetworks.com/,sales@stratospherenetworks.com
ClickIT Smart Technologies,https://clutch.co/profile/clickit-smart-technologies,https://www.clickittech.com/,info@clickittech.comNA
Nuvem Consulting,https://clutch.co/profile/nuvem-consulting,http://nuvemconsulting.com,stephanie.gaughen@nuvemconsulting.comNA
ComputerSupport,https://clutch.co/profile/computersupport,https://www.computersupport.com/,sales@computersupport.com
Geeks Ltd,https://clutch.co/profile/geeks,https://www.geeks.ltd.uk/,hello@geeks.ltd.ukNA
Baker Security & Networks,https://clutch.co/profile/baker-security-networks,http://www.bsn.ie,sales@bsn.ieNA
SETA International,https://clutch.co/profile/seta-international,http://www.seta-international.com,robert.chang@seta-international.comNA
Computer Maintenance Service,https://clutch.co/profile/computer-maintenance-service,http://www.cmsnetworking.com,info@cmsnetworking.comNA
TechMagic,https://clutch.co/profile/techmagic,https://www.techmagic.co/?utm_source=clutch&utm_medium=referral,hello@techmagic.co
Redpath Consulting Group,https://clutch.co/profile/redpath-consulting-group,http://redpathcg.com,eric_gunderson@redpathcg.com
FHL,https://clutch.co/profile/fhl,http://www.fhl.co.uk/,andrew.peddie@firsthosted.co.ukNA
TecSynt Solutions,https://clutch.co/profile/tecsynt-solutions,https://tecsynt.com/,hello@tecsynt.com
UnderDefense,https://clutch.co/profile/underdefense,https://underdefense.com,help@underdefense.com
Integro,https://clutch.co/profile/integro,http://Integro.com,info@integro.com
Fluid Attacks,https://clutch.co/profile/fluid-attacks,https://fluidattacks.com/web/en/?utm_source=clutch&utm_medium=referral,comunications@fluidattacks.comNA
TechnoCube,https://clutch.co/profile/technocube,http://www.technocube.co,hello@technocube.inNA
Maestro Technologies ,https://clutch.co/profile/maestro-technologies,http://www.maestro.com/,sales@maestro.com
VarianceM,https://clutch.co/profile/variancem,http://www.variancem.com,expert@variancem.com
nextbracket,https://clutch.co/profile/nextbracket,http://nextbracket.io,sales@nextbracket.ioNA
The Dayhuff Group,https://clutch.co/profile/dayhuff-group,http://www.dayhuffgroup.com,sales@dayhuffgroup.com
TECSOL Software,https://clutch.co/profile/tecsol-software,http://www.tecsolsoftware.com,info@tecsolsoftware.comNA
Prompt Softech,https://clutch.co/profile/prompt-softech,https://www.promptsoftech.com,sales@promptsoftech.com
goodylabs,https://clutch.co/profile/goodylabs,http://www.goodylabs.com,sales@goodylabs.comNA
Intelligence Partner ,https://clutch.co/profile/intelligence-partner,http://www.intelligencepartner.com,marketing@intelligencepartner.comNA
obo. Agency,https://clutch.co/profile/obo-agency,https://oboagency.com/marketing/email-marketing/?utm_source=clutch&utm_medium=referral,sales@oboagency.comNA
MindQuad Solutions Pvt. Ltd.,https://clutch.co/profile/mindquad-solutions,http://www.mindquad.in,sales@mindquad.in
Indium Software,https://clutch.co/profile/indium-software,http://www.indiumsoftware.com,sales@indiumsoftware.comNA
Mylaensys,https://clutch.co/profile/mylaensys,http://www.mylaensys.com,info@mylaensys.com
InSpirito,https://clutch.co/profile/inspirito,https://inspiri.to/,info@inspiri.toNA
MARTEC360,https://clutch.co/profile/martec360,http://www.martec360.com,sales@martec360.comNA
Visata,https://clutch.co/profile/visata,http://www.visata.org,yaroslav@visata.org
ubykuo,https://clutch.co/profile/ubykuo,https://ubykuo.com,info@ubykuo.comNA
Sigmoidal,https://clutch.co/profile/sigmoidal,https://sigmoidal.io/,hi@sigmoidal.io
ALTEN Calsoft Labs,https://clutch.co/profile/alten-calsoft-labs,http://www.altencalsoftlabs.com,business@altencalsoftlabs.comNA
Atlas Networking,https://clutch.co/profile/atlas-networking,http://www.atlasnet.ro/,info@atlasnet.roNA
PieSoft,https://clutch.co/profile/piesoft,http://piesoft.us,sales@piesoft.usNA
Simplogics Solutions Pvt Ltd,https://clutch.co/profile/simplogics-solutions,http://simplogics.com/,sales@simplogics.comNA
Core,https://clutch.co/profile/core,http://core.co.uk/,updates@core.co.ukNA
Parachute Technology,https://clutch.co/profile/parachute-technology,http://parachutetechs.com/,newclients@parachutetechs.com
ArcherPoint,https://clutch.co/profile/archerpoint,http://www.archerpoint.com/,info@archerpoint.com
Nettology,https://clutch.co/profile/nettology,http://www.nettology.net/,info@nettology.net
Sikich,https://clutch.co/profile/sikich,https://www.sikich.com/,info@sikich.com
Taldor,https://clutch.co/profile/taldor,http://www.taldor.co.il/,info@taldor.co.il
"M.A. Polce Consulting, Inc.",https://clutch.co/profile/ma-polce-consulting,https://mapolce.com/,info@mapolce.com
AwsQuality Technologies Private Limited,https://clutch.co/profile/awsquality-technologies-private,http://www.awsquality.com,sales@awsquality.com
United Technology Group,https://clutch.co/profile/united-technology-group,http://www.utgsolutions.com,info@utgsolutions.com
The TM Group,https://clutch.co/profile/tm-group,http://www.tmgroupinc.com/,kenj@tmgroupinc.comNA
Chorus ,https://clutch.co/profile/chorus,https://www.chorus.co/,hello@chorus.co
"iFeeltech, INC.",https://clutch.co/profile/ifeeltech,https://ifeeltech.com,info@ifeeltech.comNA
New H3C Group,https://clutch.co/profile/new-h3c-group,http://www.h3c.com/en/,intlbusiness@h3c.comNA
Bay Dynamics,https://clutch.co/profile/bay-dynamics,https://baydynamics.com/,sales@baydynamics.comNA
"Ntiva, Inc.",https://clutch.co/profile/ntiva,https://www.ntiva.com/,info@ntiva.comNA
Best IT Providers,https://clutch.co/profile/best-it-providers,https://bestitproviders.com/,ask@bestitproviders.comNA
BaishanCloud,https://clutch.co/profile/baishancloud,https://en.baishancloud.com/,info@us.baishancloud.com
CipherSpace,https://clutch.co/profile/cipherspace,https://www.cipherspace.com,connect@cipherspace.com
data edge limited,https://clutch.co/profile/data-edge,http://www.data-edge.com/,info@data-edge.comNA
ADHOC,https://clutch.co/profile/adhoc-0,http://www.adhoc.com.ec,eugenia.jarrin@adhoc.com.ec
The Cavalries Support,https://clutch.co/profile/cavalries-support,https://www.thecavalries.com,sales@thecavalries.comNA
Foundation AI,https://clutch.co/profile/foundation-ai,https://www.foundationai.org,john@foundationai.orgNA
AgotoZ technologies,https://clutch.co/profile/agotoz-technologies,http://www.agotoz.com,hi@agotoz.com
"AIS, Inc. ",https://clutch.co/profile/ais,http://aislabs.com/,support@aislabs.com
Zen Technology Solutions,https://clutch.co/profile/zen-technology-solutions,https://www.zentechnologysolutions.com,info@zentechus.com
G-Workplace,https://clutch.co/profile/g-workplace,http://www.g-workplace.com,info@g-workplace.com
iWeb Technologies,https://clutch.co/profile/iweb-technologies,https://iweb.com/,info@sirinsoftware.com
Telia Carrier,https://clutch.co/profile/telia-carrier,http://www.teliacarrier.com/,carrier-csc@teliacompany.com
GramEner Technology Solutions,https://clutch.co/profile/gramener-technology-solutions,http://www.gramener.com,contact@gramener.com
Infosec Cloud,https://clutch.co/profile/infosec-cloud,http://www.infosec-cloud.com/,info@infosec-cloud.com
Conosco,https://clutch.co/profile/conosco,https://www.conosco.com/,info@conosco.com
FlexManage,https://clutch.co/profile/flexmanage,http://www.projectleadership.net/,info@flexmanage.com
BRACNet Limited,https://clutch.co/profile/bracnet,http://bracnet.net/,marketing@bracmail.net
"CipherTechs, Inc.",https://clutch.co/profile/ciphertechs,https://www.ciphertechs.com/,info@ciphertechs.com
CloudBT,https://clutch.co/profile/cloudbt,https://www.it-support.com.au/,sales@cloudbt.com.auNA
VoIPTech Solutions,https://clutch.co/profile/voiptech-solutions,http://www.voiptechsolutions.in/,info@voiptechsolutions.in
Coretelligent,https://clutch.co/profile/coretelligent,https://coretelligent.com/,info@sirinsoftware.com
EOS IT Solutions,https://clutch.co/profile/eos-it-solutions,http://www.eosits.com/,info@eosits.com
Center for Computer Resources,https://clutch.co/profile/center-computer-resources,http://www.ccr1.com/,info@ccr1.com
SBS CyberSecurity,https://clutch.co/profile/sbs-cybersecurity,https://www.sbscyber.com,sales@sbscyber.comNA
Modern Networks,https://clutch.co/profile/modern-networks,https://modern-networks.co.uk/,info@modern-networks.co.uk
Softline Bangladesh,https://clutch.co/profile/softline-bangladesh,https://softline.com.bd/,info.bd@softline.com
Quorum Network Resources Ltd,https://clutch.co/profile/quorum-network-resources,https://www.qnrl.com/contact-us/,marketing@qnrl.comNA
Rule4,https://clutch.co/profile/rule4,http://www.rule4.com,info@sirinsoftware.com
GM Servizi,https://clutch.co/profile/gm-servizi,http://www.gm-servizi.it,gmservizi@gm-servizi.itNA
"Direnzic Technology & Consulting, LLC",https://clutch.co/profile/direnzic-technology-consulting,http://www.direnzic.com/index.html,contact@direnzic.comNA
Biztech Australia,https://clutch.co/profile/biztech-australia,http://www.biztech.com.au/,sales@biztech.com.au
Carrenza,https://clutch.co/profile/carrenza,https://carrenza.com/,info@carrenza.com
Systemagic Ltd,https://clutch.co/profile/systemagic,https://systemagic.co.uk/,info@systemagic.co.uk
INNTEC,https://clutch.co/profile/inntec,http://www.inntec.lt/,info@inntec.lt
Aurora,https://clutch.co/profile/aurora,http://www.aurorait.com/,Sales@aurorait.comNA
Digitel Corporation,https://clutch.co/profile/digitel-corporation,http://www.digitel.net/,info@digitel.net
Pakiza Technovation Limited,https://clutch.co/profile/pakiza-technovation,http://www.pakizatvl.com/,info@pakizatvl.com
Business Cloud,https://clutch.co/profile/business-cloud,https://businesscloud.ca/,info@businesscloud.ca
GoSite,https://clutch.co/profile/gosite,https://www.gosite.com/,hello@gosite.com
Enforce Technology Limited,https://clutch.co/profile/enforce-technology,http://www.enforcetechnology.com/,info@enforcetechnology.com
IT-Serve.com,https://clutch.co/profile/it-servecom,http://www.it-serve.com/,info@it-serve.com
Desktop Monster,https://clutch.co/profile/desktop-monster,http://www.desktopmonster.co.uk/,info@desktopmonster.co.ukNA
Nexus IP Limited,https://clutch.co/profile/nexus-ip,http://nexusip.com/,sale@nexusip.com
Sudden Technologies,https://clutch.co/profile/sudden-technologies,http://www.sudden.ca/,info@sudden.caNA
NAK Consulting Services Limited,https://clutch.co/profile/nak-consulting-services,http://www.nak.co.uk/,enquiries@nak.co.ukNA
FinTel Communications,https://clutch.co/profile/fintel-communications,http://www.fintelcom.com,info@fintelcom.com
Cloudsyntrix,https://clutch.co/profile/cloudsyntrix,http://www.cloudsyntrix.com/index.html,info@cloudsyntrix.com
servinga GmbH,https://clutch.co/profile/servinga-gmbh,https://www.servinga.com,info@servinga.comNA
ALT Technical Consulting,https://clutch.co/profile/alt-technical-consulting,https://www.alttechnical.com,contact@alttechnical.comNA
Professional Computer Services,https://clutch.co/profile/professional-computer-services,http://www.professionalcomputerservices.ca/,contactus@professionalcomputerservices.caNA
Apixel IT Support,https://clutch.co/profile/apixel-it-support,https://www.apixel.com.sg/,enquiry@apixel.com.sgNA
User Friendly Systems,https://clutch.co/profile/user-friendly-systems,http://ufs-inc.com/,sales@ufs-inc.com
Secure IT Consult,https://clutch.co/profile/secure-it-consult,http://www.secureitconsult.com/,sales@secureitconsult.comNA
ICE Data Services,https://clutch.co/profile/ice-data-services,https://www.theice.com/market-data,icedataservices@theice.com
Edge Web Hosting,https://clutch.co/profile/edge-web-hosting,https://www.edgehosting.com/,info@databank.comNA
Syntax,https://clutch.co/profile/syntax,http://www.syntax.net,marketing@syntax.net
BIT Solutions,https://clutch.co/profile/bit-solutions,http://www.bitsolution.com.sg/,itsales@bitsolution.com.sgNA
EditWorld ,https://clutch.co/profile/editworld,http://www.editworld.in,sales@editworld.in
Nutmeg Consulting,https://clutch.co/profile/nutmeg-consulting,https://www.nutmegit.com/,info@nutmegit.com
Infinity Group UK,https://clutch.co/profile/infinity-group-uk,https://www.infinitygroup.co.uk/,enquiries@infinitygroup.co.uk
Dobson Technologies,https://clutch.co/profile/dobson-technologies,https://www.dobson.net/,customerservice@dobson.net
Bajalogics,https://clutch.co/profile/bajalogics,http://www.bajalogics.com,sales@bajalogics.com
Alpha Data,https://clutch.co/profile/alpha-data,https://www.alpha.ae/,marketing@alpha.ae
iVedha,https://clutch.co/profile/ivedha,http://www.ivedha.com/,info@ivedha.com
p3 Digital Services,https://clutch.co/profile/p3-digital-services,http://www.p3-ds.com/,contact@p3-ds.com
Xamai,https://clutch.co/profile/xamai,https://xamai.com.mx/,soporte_xamai@scanda.com.mx
XAPT Solutions,https://clutch.co/profile/xapt-solutions,http://www.xapt.com/,contactus@xapt.comNA
INCOSA,https://clutch.co/profile/incosa,https://www.incosa.com.uy,info@incosa.com.uy
Solusoft Panama,https://clutch.co/profile/solusoft-panama,http://solusoft.com/,info@solusoft.comNA
MDS Technologies Ltd,https://clutch.co/profile/mds-technologies,http://www.mdstechnologies.co.uk/,sales@mds.gb.net
IT3000,https://clutch.co/profile/it3000,http://www.it3000.co.uk/,hello@it3000.co.uk
Rackbiss,https://clutch.co/profile/rackbiss,https://www.rackbiss.com/,contacto@ra'ckbiss.com
Web Masters Technologies,https://clutch.co/profile/web-masters-technologies,http://www.webmasterstech.com,info@webmasterstech.comNA
Outsource Bigdata ,https://clutch.co/profile/outsource-bigdata,https://outsourcebigdata.com/,sales@outsourcebigdata.com
Interplay IT,https://clutch.co/profile/interplay-it,https://www.interplayit.com/,support@interplayIT.com
Infocorp Tecnologia,https://clutch.co/profile/infocorp-tecnologia,http://infocorp.uy/,info@sirinsoftware.com
HAL Technologies Limited,https://clutch.co/profile/hal-technologies,http://haltechbd.com/,info@haltechbd.com
I-infotech Business Solution,https://clutch.co/profile/i-infotech-business-solution,http://www.i-infotechsolution.com/,info@i-infotechsolution.com
Vasta Solutions,https://clutch.co/profile/vasta-solutions,http://www.vsplc.com,contact@vatsasolutions.com
Kreatx sh.p.k,https://clutch.co/profile/kreatx-shpk,http://www.kreatx.com,info@kreatx.com
Sunley Communications Limited,https://clutch.co/profile/sunley-communications,http://www.sunleygroup.com/,info@sunleygroup.com
Datagemini.Sierra,https://clutch.co/profile/datageminisierra,http://www.datagemini-sierra.com/,Sales@DATAGEMINI-SIERRA.COM
SingleHop,https://clutch.co/profile/singlehop,https://www.singlehop.com/,sales@singlehop.co'mNA
Sapient Razorfish,https://clutch.co/profile/sapient-razorfish,https://www.sapientrazorfish.com/,info@sapient.comNA
Singtel,https://clutch.co/profile/singtel,https://www.singtel.com,buysaas@singtel.com
Easy Solutions,https://clutch.co/profile/easy-solutions,https://www.easysol.net/eng/,info@easysol.net
Bell Technology Consulting Group,https://clutch.co/profile/bell-technology-consulting-group,http://belltcg.com/,info@belltcg.com
Intratem Mobility Lifecycle Management,https://clutch.co/profile/intratem-mobility-lifecycle-management,http://intratem.com,contact@intratem.comNA
"NephoScale, Inc.",https://clutch.co/profile/nephoscale,http://nephoscale.com/,sales@nephoscale.comNA
ClearEdge IT Solutions,https://clutch.co/profile/clearedge-it-solutions,http://www.clearedgeit.com/,info@clearedgeit.comNA
Macaw,https://clutch.co/profile/macaw,https://www.macaw.net/,contact@macaw.nlNA
"RipeConcepts, INC.",https://clutch.co/profile/ripeconcepts,http://www.ripeconcepts.com/,quotations@ripeconcepts.com
D&S Communications,https://clutch.co/profile/ds-communications,http://www.dscomm.com,contact@dscomm.comNA
PrintVis,https://clutch.co/profile/printvis,https://printvis.com/,info@printvis.com
HI Iberia,https://clutch.co/profile/hi-iberia,http://www.hi-iberia.es/,info@hi-iberia.es
ARILOT,https://clutch.co/profile/arilot,https://arilot.com/,services@arilot.com
ITRM,https://clutch.co/profile/itrm,http://www.itrm.co.uk/,info@itrm.co.uk
ACSIOR,https://clutch.co/profile/acsior,http://www.acsior.com/default.aspx?m=2,info@acsior.com
Comglobal IT,https://clutch.co/profile/comglobal-it,https://www.comglobalit.com/,info@comglobalit.com
SiRON Technologies Group Inc.,https://clutch.co/profile/siron-technologies-group,http://www.siron.ca,sales@siron.caNA
Mobolize,https://clutch.co/profile/mobolize,http://www.mobolize.com/,support@mobolize.com
Coremain,https://clutch.co/profile/coremain,http://www.coremain.com/,coremain@coremain.com
SafeNet,https://clutch.co/profile/safenet,https://safenetconsulting.com/,info@safenetconsulting.com
"Precision Web Tech, Inc.",https://clutch.co/profile/precision-web-tech,http://www.precisionwebtech.com/,info@precisionwebtech.comNA
Infodat,https://clutch.co/profile/infodat,http://www.infodatinc.com/,info@infodatinc.comNA
Complete PC Solutions,https://clutch.co/profile/complete-pc-solutions,http://completepc.com.au/it-services-solutions/small-business-it-support-services/,info@sirinsoftware.com
Resource Data,https://clutch.co/profile/resource-data,https://www.resourcedata.com/,info@resourcedata.com
Lucid Technologies,https://clutch.co/profile/lucid-technologies,https://lucid-technologies.com,success@lucid-technologies.com
"Pace Systems, Inc.",https://clutch.co/profile/pace-systems,http://www.pace-systems.com/,info@sirinsoftware.com
TI CHILE ,https://clutch.co/profile/ti-chile,https://www.tichile.cl,ventas@tichile.cl
 Anovis IT Services,https://clutch.co/profile/anovis-it-services,https://www.anovis.com/,office@anovis.com
Edafio Technologies,https://clutch.co/profile/edafio-technologies,http://www.edafio.com/,info@sirinsoftware.com
Four Business Solutions,https://clutch.co/profile/four-business-solutions,http://www.four.co.uk,john.obrien@four.co.uk
M9 Systems,https://clutch.co/profile/m9-systems,http://www.m9systems.com/,info@m9systems.com
Thakral Information Systems Pvt. Ltd,https://clutch.co/profile/thakral-information-systems,http://www.thakral-bd.com/,info@thakral-bd.com
Redian Software,https://clutch.co/profile/redian-software,http://www.rediansoftware.com,info@rediansoftware.com
Iwave Inc.,https://clutch.co/profile/iwave,http://www.iwave.com.ph/,info@iwave.com.ph
CAS Advanced Systems Consulting,https://clutch.co/profile/cas-advanced-systems-consulting,http://www.cas.mx/,info@c'as.mxNA
Maxtron Innovations,https://clutch.co/profile/maxtron-innovations,http://www.maxtron.io,prashant@maxtron.io
Allied Applications Group,https://clutch.co/profile/allied-applications-group,http://aagroup-co.com/en,info@aagroup-co.com
Datacenter Information Technology,https://clutch.co/profile/datacenter-information-technology,http://datacenter-bd.com/,info@datacenter-bd.com
Access Televentures Pte Ltd,https://clutch.co/profile/access-televentures-pte,https://www.actelv.com.sg/,sales@actelv.com.sgNA
Bespoke Excel,https://clutch.co/profile/bespoke-excel,https://bespoke-excel.com,hello@bespoke-excel.com
Data Perceptions Inc.,https://clutch.co/profile/data-perceptions,https://www.dataperceptions.com/,contact-us@dataperceptions.com
NOUX CA,https://clutch.co/profile/noux-ca,http://www.nouxbi.com,info_noux@nouxbi.com
FIXER,https://clutch.co/profile/fixer,https://www.fixer.co.jp/en-us/,info@fixer.co.jp
EPC IT Solutions,https://clutch.co/profile/epc-it-solutions,http://epcits.com/,contact@epcservices.com
BioInfo Systems,https://clutch.co/profile/bioinfo-systems,http://www.bioinfosystems.com/,info@bioinfosystems.com
Acuutech ,https://clutch.co/profile/acuutech,https://www.acuutech.com/,news@acuutech.com
Power On Computing & Consulting,https://clutch.co/profile/power-computing-consulting,https://www.poweroncomp.com,info@poweroncomp.comNA
Xpert Technologies,https://clutch.co/profile/xpert-technologies,https://www.xxpert.com/,brad@xxpert.comNA
Nuvertical,https://clutch.co/profile/nuvertical,https://clutch.co/www.nuvertical.com/%E2%80%8E,contacto@nuvertical.com
Resolute Technology Solutions,https://clutch.co/profile/resolute-technology-solutions,https://www.resolutets.com/,info@resolutets.com
Endeavor Limited,https://clutch.co/profile/endeavor,http://www.endeavor-ltd.com/,info@endeavor-ltd.com
Enta Consulting,https://clutch.co/profile/enta-consulting,http://www.entaconsulting.com/,info@entaconsulting.comNA
Reimnet,https://clutch.co/profile/reimnet,https://reimnet.com/,info@reimnet.com
Busigence Technologies,https://clutch.co/profile/busigence-technologies,http://www.busigence.com,hello@busigence.com
Digital Skynet,https://clutch.co/profile/digital-skynet,https://digitalskynet.com/,hello@digitalskynet.comNA
QArtrock,https://clutch.co/profile/qartrock,http://www.qartrock.com/,qaservice@qartrock.com
 Aprosoft Consulting and Training Corp.,https://clutch.co/profile/aprosoft-consulting-training-corp,http://www.aprosoft.com/,info@aprosoft.com
Endgame,https://clutch.co/profile/endgame,https://www.endgame.com/,info@endgame.comNA
Kirbside Consulting,https://clutch.co/profile/kirbside-consulting,https://kirbside.consulting,info@kirbside.com
"APX, Inc",https://clutch.co/profile/apx,https://apx.com/,info@sirinsoftware.com
E-Systems Consulting IT & Web Development,https://clutch.co/profile/e-systems-consulting-it-web-development,https://e-systemsconsulting.com/,info@e-systemsconsulting.comNA
Interworks,https://clutch.co/profile/interworks,https://www.interworks.com/,info@sirinsoftware.com
enVista ,https://clutch.co/profile/envista,http://www.envistacorp.com/,info@envistacorp.comNA
Cezanne HR,https://clutch.co/profile/cezanne-hr,https://cezannehr.com/,info@cezannehr.comNA
mediaman,https://clutch.co/profile/mediaman,http://mediaman.com/,hallo@mediaman.deNA
DTS Solution,https://clutch.co/profile/dts-solution,https://www.dts-solution.com/,info@dts-solution.com
Signature Consultants,https://clutch.co/profile/signature-consultants,https://www.sigconsult.com,contact@sigconsult.com
Seresco,https://clutch.co/profile/seresco,https://www.seresco.es/,soluciones@seresco.esNA
Cortexica Vision Systems,https://clutch.co/profile/cortexica-vision-systems,https://www.cortexica.com/,info@cortexica.com
Atlantbh,https://clutch.co/profile/atlantbh,https://www.atlantbh.com/,contact@atlantbh.com
TheGlobalAssociates,https://clutch.co/profile/theglobalassociates,http://theglobalassociates.com/,rakesh@theglobalassociates.com
coMakeIT,https://clutch.co/profile/comakeit,http://www.comakeit.com,info@comakeit.com
"iNovex Information Systems, Inc.",https://clutch.co/profile/inovex-information-systems,http://www.inovexcorp.com/,info@inovexcorp.com
SOLTECH,https://clutch.co/profile/soltech,https://soltech.net/,info@soltech.net
Kibernum,https://clutch.co/profile/kibernum,http://www.kibernum.com,contacto@kibernum.comNA
Featurespace,https://clutch.co/profile/featurespace,https://www.featurespace.com/,info@featurespace.co.ukNA
INITS Limited,https://clutch.co/profile/inits,http://initsng.com/v2/,info@initsng.comNA
Network Infrastructure Technologies,https://clutch.co/profile/network-infrastructure-technologies,http://www.nitconnect.net/,nitconnectny@gmail.comNA
Tech Guardian,https://clutch.co/profile/tech-guardian,http://techguardian.co/,info@techguardian.co
ASD Technologies,https://clutch.co/profile/asd-technologies,http://asdtech.co/,ga@asdtech.co
"Granite Solutions Groupe, Inc.",https://clutch.co/profile/granite-solutions-groupe,http://www.granitesolutionsgroupe.com/,info@granitesolutionsgroupe.comNA
Left Hook Digital,https://clutch.co/profile/left-hook-digital,https://lefthookdigital.com,sales@lefthook.co
Askida,https://clutch.co/profile/askida,https://askida.com/,info@askida.com
KBS Group,https://clutch.co/profile/kbs-group,http://www.kbsgroup.co.uk/,sales@kbssupplies.co.uk
EiSWORLD,https://clutch.co/profile/eisworld,http://www.eisworld.eu/,info@eisworld.it
Leap Cloud,https://clutch.co/profile/leap-cloud,http://leapcloud.cn,support@maxleap.com
"Saker, LLC",https://clutch.co/profile/saker,https://saker.io/,humans@saker.io
Elastic Byte,https://clutch.co/profile/elastic-byte,https://elasticbyte.net,hello@elasticbyte.net
nKey,https://clutch.co/profile/nkey,https://www.site.nkey.com.br/,contato@nkey.com.brNA
01 Solutions Hellas,https://clutch.co/profile/01-solutions-hellas,http://portal.01solutions.gr,info@01solutions.gr
Miicor Consulting Inc,https://clutch.co/profile/miicor-consulting,http://miicor.com/,info@sirinsoftware.com
VDart Digital,https://clutch.co/profile/vdart-digital,https://vdartdigital.com/,info@vdartdigital.com
ETASENS Technologies,https://clutch.co/profile/etasens-technologies,http://www.etasens.com,contact@etasens.com
QACG,https://clutch.co/profile/qacg,http://www.qacg.com/,info@qacg.comNA
Maxwork Ltd.,https://clutch.co/profile/maxwork,http://maxwork.info,max@maxwork.info
Icon Technology Projects & Services,https://clutch.co/profile/icon-technology-projects-services,http://www.it-pro-me.com/,info@it-pro-me.com
Aboutboul & Company,https://clutch.co/profile/aboutboul-company,https://aboutboulconsulting.com/,info@AboutboulConsulting.com
Mindblaze Technologies,https://clutch.co/profile/mindblaze-technologies,http://mindblaze.net,sales@mindblazetech.com
ScreenIT,https://clutch.co/profile/screenit,http://tas-screenit.com/,contactus@tas-screenit.com
Sunpro,https://clutch.co/profile/sunpro,https://www.sunpro.com.sg,sales@sunpro.com.sg
Kruger,https://clutch.co/profile/kruger-0,https://www.krugercorp.com/,info@krugercorp.com
IT Solution,https://clutch.co/profile/it-solution,https://itsolution.co/,info@itsolution.coNA
Bohac Consulting Services,https://clutch.co/profile/bohac-consulting-services,https://www.bconserv.com,questions@bconserv.com
CLOUDLAB Technology Consulting,https://clutch.co/profile/cloudlab-technology-consulting,http://www.cloudlab.in,consult@cloudlab.inNA
Montel Intergalactic,https://clutch.co/profile/montel-intergalactic,https://www.montel.fi,tuba@montel.fi
GTK Communications,https://clutch.co/profile/gtk-communications,http://gtkcs.com/,gtkcommunications@gmail.com
DPC Technology,https://clutch.co/profile/dpc-technology,http://www.dpctechnology.com,sales@dpctechnology.comNA
Inlumina,https://clutch.co/profile/inlumina,https://www.inlumina.work/,nam@inlumina.work
HoneyTek Systems,https://clutch.co/profile/honeytek-systems,https://www.honeyteksystems.com/,info@honeyteksystems.comNA
BlockTech,https://clutch.co/profile/blocktech,https://blocktech.com/,info@blocktech.com
Upland Digital,https://clutch.co/profile/upland-digital,https://upland.digital,sales@upland.digitalNA
L3C LTD,https://clutch.co/profile/l3c,https://l3c.cloud/,office@l3c.cloud
Aman Technology,https://clutch.co/profile/aman-technology,https://amantechnology.com/en/,info@amantechnology.comNA
Microjovem,https://clutch.co/profile/microjovem,https://www.microjovem.pt/,geral@microjovem.ptNA
Webuzz,https://clutch.co/profile/webuzz,https://webeuz.com/,contact@webeuz.com
Caburn Hope,https://clutch.co/profile/caburn-hope,https://caburnhope.co.uk/,info@caburnhope.co.uk
Bromsbury Consulting,https://clutch.co/profile/bromsbury-consulting,http://www.bromsbury.com/,info@bromsbury.com
SCI Consulting Group,https://clutch.co/profile/sci-consulting-group,http://www.sci-cg.com/,info@sci-cg.com
HParser,https://clutch.co/profile/hparser,http://www.hparser.com/,mail@demolink.orgNA
NEOFACTO,https://clutch.co/profile/neofacto,https://www.neofacto.com/,contact@neofacto.comNA
Massive ,https://clutch.co/profile/massive-0,http://www.itsmassive.com/#!/pt/,info@itsmassive.com
Lineal,https://clutch.co/profile/lineal,http://www.linealservices.com/,info@linealservices.com
NGEN IT,https://clutch.co/profile/ngen-it,http://www.ngenitltd.com/,sales@ngenitltd.com
Arkkosoft,https://clutch.co/profile/arkkosoft,http://www.arkkosoft.com/,info@arkkosoft.comNA
Internetize.Me,https://clutch.co/profile/internetizeme,http://www.internetize.me/,info@internetize.me
Sys Dev Ltd,https://clutch.co/profile/sys-dev,http://sysdevltd.com/,info@sy'sdevltd.com
Two Hats Digital,https://clutch.co/profile/two-hats-digital,http://twohatsdigital.com/,cfulton@twohatsdigital.comNA
BPS IT & Web Services,https://clutch.co/profile/bps-it-web-services,http://bpsitservices.in/,info@bpsitservices.in
Fanatee,https://clutch.co/profile/fanatee,http://fanatee.com/,ligia@fanatee.comNA
Setgraphic,https://clutch.co/profile/setgraphic,http://setgraphic.com/,hello@setgraphic.com
AlfamediaWEB,https://clutch.co/profile/alfamediaweb,http://www.alfamediaweb.com,info@alfamediaweb.com
Virtualspirit,https://clutch.co/profile/virtualspirit,https://virtualspirit.me/,hello@virtualspirit.meNA
Naresh Infotech,https://clutch.co/profile/naresh-infotech,http://www.nareshinfotech.com,info@nareshinfotech.com
Unipact Solutions,https://clutch.co/profile/unipact-solutions,http://uni-pact.com/,info@uni-pact.com
trnd ib√©rica,https://clutch.co/profile/trnd-ib%C3%A9rica,https://company.trnd.com/en,info@trnd.esNA
PARTY,https://clutch.co/profile/party,http://prty.jp/,info@prty.jp
Cuesoft GmbH,https://clutch.co/profile/cuesoft-gmbh,http://www.cuesoft.eu/,contact@cuesoft.euNA
AlMantaq Technologies,https://clutch.co/profile/almantaq-technologies,http://www.almantaq.com/,info@almantaq.com
Pimcore,https://clutch.co/profile/pimcore,http://www.pimcore.com,rajneesh.kumar@pimcore.com
Sutherland Global Services,https://clutch.co/profile/sutherland-global-services,https://www.sutherlandglobal.com/,sales@sutherlandglobal.com
GreenTechBD,https://clutch.co/profile/greentechbd,http://www.mygreentechbd.com/,info@mygreentechbd.com
Fusepong,https://clutch.co/profile/fusepong,http://www.fusepong.com/,hola@fusepong.com
Absolutdata Analytics,https://clutch.co/profile/absolutdata-analytics,https://www.absolutdata.com/,info@absolutdata.comNA
Ontology,https://clutch.co/profile/ontology,https://ont.io/,contact@ont.io
Affinity Cloud,https://clutch.co/profile/affinity-cloud,https://www.affinitycloud.co.uk/home,info@affinitycloud.co.ukNA
EXASOL AG,https://clutch.co/profile/exasol-ag,http://www.exasol.com,info@exasol.com
Adictiz,https://clutch.co/profile/adictiz,https://www.adictiz.com/fr/,contact@adictiz.comNA
Vesparum,https://clutch.co/profile/vesparum,https://vespatechno.com/,info@vespatechno.comNA
Fractal Analytics,https://clutch.co/profile/fractal-analytics,http://www.fractalanalytics.com,info@fractalanalytics.com
Green Duck,https://clutch.co/profile/green-duck,http://www.greenduck.co.uk/,enquiries@greenduck.co.uk
Doublebit It Solution,https://clutch.co/profile/doublebit-it-solution,http://doublebitbd.com/,indo@doublebitbd.com
Icorp Global Enterprise,https://clutch.co/profile/icorp-global-enterprise,http://www.icorp.com.mx/,icorp@icorp.com.mx'
Vastasys,https://clutch.co/profile/vastasys,http://www.vastasys.com/,info@vastasys.comNA
Advantage Communications,https://clutch.co/profile/advantage-communications,http://advantagecall.com,sales@advantagecall.comNA
WebStaff ,https://clutch.co/profile/webstaff,https://www.webstaff.jp/en/,gs@webstaff.jpNA
Attest,https://clutch.co/profile/attest,https://www.askattest.com/,hello@askattest.com
Contexti,https://clutch.co/profile/contexti,http://contexti.com/,connect@contexti.com
Movement,https://clutch.co/profile/movement,http://movement.co.uk/,info@movement.co.uk
xister ,https://clutch.co/profile/xister,http://www.xister.com/,inquiry@xister.com
VideoPlusPlus,https://clutch.co/profile/videoplusplus,http://videojj.com/?lng=en,support@videopls.com
Orchestra,https://clutch.co/profile/orchestra,http://www.orchestrasoftware.com/,info@orchestrasoftware.com
Cloudblue Web Design,https://clutch.co/profile/cloudblue-web-design,http://www.cloudbluewebdesign.co.uk/,hello@cloudbluewebdesign.co.uk
BBD Perfect Storm,https://clutch.co/profile/bbd-perfect-storm,http://www.bbdperfectstorm.com/,hello@bbdperfectstorm.com
ISG Technology Ltd,https://clutch.co/profile/isg-technology,http://isg-technology.com/,info@isg-technology.comNA
Next Connex,https://clutch.co/profile/next-connex,http://www.nextconnex.com/,postroom@nextconnex.com
Hunter Technical,https://clutch.co/profile/hunter-technical,https://www.htrjobs.com/,info@sirinsoftware.com
CrowdEmotion,https://clutch.co/profile/crowdemotion,https://www.crowdemotion.co.uk/,info@crowdemotion.co.uk
Psybergate,https://clutch.co/profile/psybergate,http://www.psybergate.com/,enquiries@psybergate.co.za
"Alt29 Design Group, Inc.",https://clutch.co/profile/alt29-design-group,http://www.alt29design.com/,Matt@alt29design.com
iNet Process,https://clutch.co/profile/inet-process,http://www.inetprocess.com/,contact@inetprocess.com
MDA Technologies Group,https://clutch.co/profile/mda-technologies-group,http://www.mdatech.com/,michelle@mdatech.com
misChunches.com,https://clutch.co/profile/mischunchescom,https://www.mischunches.com/en/,info@sirinsoftware.com
Santex,https://clutch.co/profile/santex,https://santexgroup.com/,info@santexgroup.com
Exact IT Consulting,https://clutch.co/profile/exact-it-consulting,http://www.exactitconsulting.com/,info@sirinsoftware.com
Madison Alexander PR,https://clutch.co/profile/madison-alexander-pr,http://madisonalexanderpr.com/,dchm@madisonalexanderpr.com
BrandReach Online,https://clutch.co/profile/brandreach-online,https://www.sgbrandreach.com/,enquiry@sgbrandreach.com
Documaster,https://clutch.co/profile/documaster,http://www.documaster.com,info@sirinsoftware.com
Genie Goals,https://clutch.co/profile/genie-goals,http://www.geniegoals.co.uk/,hello@geniegoals.co.uk
Springbord,https://clutch.co/profile/springbord,https://www.springbord.com,info@springbord.comNA
Connect IT,https://clutch.co/profile/connect-it,https://connectit.com.au/it-support-melbourne/,info@connectit.com.auNA
Fugumobile,https://clutch.co/profile/fugumobile,http://www.fugumobile.cn/fugunew/,ranjit@fugumobile.cnNA
"Innovative Systems, Inc",https://clutch.co/profile/innovative-systems,https://www.isi.cc/,info@isi.cc
"McGee, Hearne & Paiz, LLP",https://clutch.co/profile/mcgee-hearne-paiz-llp,http://www.mhpllp.com/,info@mhpllp.com
PredictX,https://clutch.co/profile/predictx,https://www.predictx.com/,info@predictx.comNA
Loymark RAPP,https://clutch.co/profile/loymark-rapp,http://www.loymarkrapp.mx/,info@rapp.com.mx
Computer Solutions East,https://clutch.co/profile/computer-solutions-east,http://www.computersolutionseast.com/,info@computersolutionseast.com
CarefreeIT,https://clutch.co/profile/carefreeit,http://www.carefreeit.ca,info@carefreeit.ca
CADagency Limited,https://clutch.co/profile/cadagency,https://www.cadagency.co.uk/,office@cadagency.co.uk
Programatorio,https://clutch.co/profile/programatorio,https://programatorio.com/en,contact@programatorio.com
Big Water Technologies,https://clutch.co/profile/big-water-technologies,http://www.bigwatertech.com/,info@bigwatertech.com
SAHDigital-22nd Century Ink,https://clutch.co/profile/sahdigital-22nd-century-ink,http://sahdigital.com/,support@sahdigital.comNA
X402 Limited,https://clutch.co/profile/x402,https://www.x402.com,enquiries@x402.com
JMC | Y&R,https://clutch.co/profile/jmc-yr,http://www.jmcyr.com/,comunicaciones@yr.com
Best Business Services,https://clutch.co/profile/best-business-services,http://www.bbsa2z.com,info@bbsa2z.comNA
Im-prove,https://clutch.co/profile/im-prove,http://www.im-prove.pl,sales@im-prove.pl
Prospects DM,https://clutch.co/profile/prospects-dm,http://www.prospectsdm.com/,info@prospectsdm.com
Cygnus Innovation Ltd,https://clutch.co/profile/cygnus-innovation,http://cygnusinnovation.com/,INFO@CYGNUSINNOVATION.COM
ATM Grupo TI,https://clutch.co/profile/atm-grupo-ti,http://atmgrupotecnologico.com/,ventas@atmgrupotecnologico.comNA
Erdos Technologies,https://clutch.co/profile/erdos-technologies,https://www.erdostechnologies.com,info@erdostechnologies.com
"Corporate Communications Center, Inc.",https://clutch.co/profile/corporate-communications-center,http://corpcom.com/,info@corpcom.com
FLEXI APPS,https://clutch.co/profile/flexi-apps,https://flexiapps.net/en/,contact@flexiapps.ma
SmartCalling,https://clutch.co/profile/smartcalling,https://smartcalling.co.uk/,info@smartcalling.co.ukNA
Legion Elite OKC,https://clutch.co/profile/legion-elite-okc,http://legioneliteokc.com/,hr@legioneliteokc.com
Underscope,https://clutch.co/profile/underscope,http://underscope.io,newbiz@underscope.ioNA
InterConnecta,https://clutch.co/profile/interconnecta,http://www.interconnecta.com,info@interconnecta.com
Cloud IT Limited,https://clutch.co/profile/cloud-it,http://clouditbd.com/,info@clouditbd.com
LightScape Web Design,https://clutch.co/profile/lightscape-web-design,http://www.lightscapewebdesign.com/,lisa@lightscapewebdesign.com
Zagalabs,https://clutch.co/profile/zagalabs,https://zagalabs.com/,ag@zagalabs.com
"Starfish Enterprise, LLC",https://clutch.co/profile/starfish-enterprise,http://www.starfishenterprise.net,info@starfishenterprise.net
Qatar Business System L.L.C,https://clutch.co/profile/qatar-business-system,http://www.qbs.com.qa/#home,info@qbs.com.qa
Ventura Tech Inc.,https://clutch.co/profile/ventura-tech,http://www.ventura-tech.com,info@ventura-tech.comNA
Island 20 Ventures Inc,https://clutch.co/profile/island-20-ventures,http://island20ventures.com,info@island20ventures.com
Prologics SAS,https://clutch.co/profile/prologics-sas,https://clutch.co/www.prologics.co/%E2%80%8E,proyectos@prologics.co
ITQ Soft ltd.,https://clutch.co/profile/itq-soft,https://itqsoft.com/,box@itqsoft.com
Elevated AI,https://clutch.co/profile/elevated-ai,http://elevatedai.com,hello@elevatedai.com
Feed,https://clutch.co/profile/feed,https://www.feed.xyz/,hello@feed.xyz
Srejanee CybernetiX,https://clutch.co/profile/srejanee-cybernetix,http://www.srejanee-cybernetix.com/,contact@srejanee-cybernetix.com
Simba Web Designs,https://clutch.co/profile/simba-web-designs,https://simbadesign.co.tz/,hello@simbadesign.co.tz
JOT IT,https://clutch.co/profile/jot-it,https://www.jotitsupport.com,hello@jot.digitalNA
